{"loss": [NaN, NaN, NaN, NaN, NaN, NaN], "mean_absolute_error": [NaN, NaN, NaN, NaN, NaN, NaN], "mean_q": [NaN, NaN, NaN, NaN, NaN, NaN], "mean_eps": [NaN, NaN, NaN, NaN, NaN, NaN], "episode_reward": [1.0, 1.0, 1.0, 0.0, 4.0, 2.0], "nb_episode_steps": [177, 158, 169, 132, 271, 210], "nb_steps": [177, 335, 504, 636, 907, 1117], "episode": [0, 1, 2, 3, 4, 5], "duration": [0.8187723580049351, 0.5496925389961689, 0.5874509770001168, 0.44830232900130795, 0.9284830409960705, 0.7369527769988053]}